"","x"
"1","https://www.supercasas.com//apartamentos-venta-el-millon/1204270/"
"2","https://www.supercasas.com//apartamentos-venta-el-millon/1204262/"
"3","https://www.supercasas.com//apartamentos-venta-bella-vista/1198763/"
"4","https://www.supercasas.com//apartamentos-venta-evaristo-morales/1216104/"
"5","https://www.supercasas.com//apartamentos-venta-y-alquiler-renacimiento/1200322/"
"6","https://www.supercasas.com//apartamentos-venta-paraiso/1203503/"
"7","https://www.supercasas.com//apartamentos-venta-piantini/1216102/"
"8","https://www.supercasas.com//apartamentos-venta-la-esperilla/1207744/"
"9","https://www.supercasas.com//apartamentos-venta-el-millon/1080274/"
"10","https://www.supercasas.com//apartamentos-venta-costa-caribe/1172591/"
"11","https://www.supercasas.com//apartamentos-venta-los-restauradores/1152412/"
"12","https://www.supercasas.com//apartamentos-venta-bella-vista/908994/"
"13","https://www.supercasas.com//apartamentos-venta-mirador-sur/1201766/"
"14","https://www.supercasas.com//apartamentos-venta-ave--nunez-de-caceres/1216100/"
"15","https://www.supercasas.com//apartamentos-venta-el-millon/1204253/"
"16","https://www.supercasas.com//apartamentos-venta-bella-vista/1216098/"
"17","https://www.supercasas.com//apartamentos-venta-renacimiento/1212039/"
"18","https://www.supercasas.com//apartamentos-venta-gazcue/1211887/"
"19","https://www.supercasas.com//apartamentos-venta-colina-de-los-rios/1213789/"
"20","https://www.supercasas.com//apartamentos-venta-altos-de-arroyo-hondo/1213783/"
"21","https://www.supercasas.com//apartamentos-venta-mirador-norte/1216095/"
"22","https://www.supercasas.com//apartamentos-venta-y-alquiler-piantini/1216094/"
"23","https://www.supercasas.com//apartamentos-venta-el-cacique/1212763/"
"24","https://www.supercasas.com//casas-venta-colina-de-los-rios/1202326/"
"25","https://www.supercasas.com//apartamentos-venta-bella-vista/1202172/"
"26","https://www.supercasas.com//apartamentos-venta-arroyo-hondo-viejo/1215438/"
"27","https://www.supercasas.com//casas-venta-colinas-del-seminario/1202173/"
"28","https://www.supercasas.com//apartamentos-venta-cuesta-brava/1203417/"
"29","https://www.supercasas.com//apartamentos-venta-piantini/1214220/"
"30","https://www.supercasas.com//apartamentos-venta-colina-de-los-rios/1212770/"
"31","https://www.supercasas.com//apartamentos-venta-colina-de-los-rios/1203418/"
"32","https://www.supercasas.com//apartamentos-venta-los-restauradores/1216093/"
"33","https://www.supercasas.com//apartamentos-venta-mirador-norte/1208651/"
"34","https://www.supercasas.com//casas-venta-los-restauradores/1209379/"
"35","https://www.supercasas.com//casas-venta-km-14-autopista-duarte/1208233/"
"36","https://www.supercasas.com//casas-venta-arroyo-hondo/1209350/"
"37","https://www.supercasas.com//apartamentos-venta-don-honorio/1213476/"
"38","https://www.supercasas.com//apartamentos-venta-el-millon/1214174/"
"39","https://www.supercasas.com//apartamentos-venta-el-millon/1209384/"
"40","https://www.supercasas.com//casas-venta-arroyo-hondo/1208407/"
"41","https://www.supercasas.com//apartamentos-venta-evaristo-morales/1208634/"
"42","https://www.supercasas.com//casas-venta-altos-de-las-praderas/1211418/"
"43","https://www.supercasas.com//casas-venta-maria-auxiliadora/1209946/"
"44","https://www.supercasas.com//apartamentos-venta-el-millon/1211570/"
"45","https://www.supercasas.com//apartamentos-venta-urbanizacion-real/1208589/"
"46","https://www.supercasas.com//apartamentos-venta-cuesta-brava/1212681/"
"47","https://www.supercasas.com//apartamentos-venta-don-honorio/1214172/"
"48","https://www.supercasas.com//apartamentos-venta-altos-de-arroyo-hondo/1209644/"
"49","https://www.supercasas.com//apartamentos-venta-don-honorio/1215422/"
"50","https://www.supercasas.com//apartamentos-venta-las-praderas/1213316/"
"51","https://www.supercasas.com//apartamentos-venta-fernandez/1209950/"
"52","https://www.supercasas.com//apartamentos-venta-y-alquiler-bella-vista/1208386/"
"53","https://www.supercasas.com//apartamentos-venta-arroyo-hondo/1215804/"
"54","https://www.supercasas.com//apartamentos-venta-piantini/1205835/"
"55","https://www.supercasas.com//apartamentos-venta-la-esperilla/1160681/"
"56","https://www.supercasas.com//apartamentos-venta-naco/1126708/"
"57","https://www.supercasas.com//apartamentos-venta-naco/1178620/"
"58","https://www.supercasas.com//casas-venta-el-millon/1193532/"
"59","https://www.supercasas.com//apartamentos-venta-el-millon/1208388/"
"60","https://www.supercasas.com//apartamentos-venta-mirador-sur/1214075/"
"61","https://www.supercasas.com//apartamentos-venta-los-pinos-de-arroyo-hondo/1191610/"
"62","https://www.supercasas.com//apartamentos-venta-serralles/1199257/"
"63","https://www.supercasas.com//apartamentos-venta-la-esperilla/1216087/"
"64","https://www.supercasas.com//apartamentos-venta-mirador-norte/1203997/"
"65","https://www.supercasas.com//apartamentos-venta-mirador-norte/1202349/"
"66","https://www.supercasas.com//apartamentos-venta-av--independencia/1194493/"
"67","https://www.supercasas.com//apartamentos-venta-naco/1194341/"
"68","https://www.supercasas.com//apartamentos-venta-evaristo-morales/1215978/"
"69","https://www.supercasas.com//casas-venta-villa-marina/1178704/"
"70","https://www.supercasas.com//apartamentos-venta-los-cacicazgos/1215497/"
"71","https://www.supercasas.com//apartamentos-venta-el-vergel/1181113/"
"72","https://www.supercasas.com//casas-venta-mirador-sur/1188875/"
"73","https://www.supercasas.com//apartamentos-venta-evaristo-morales/1212962/"
"74","https://www.supercasas.com//apartamentos-venta-bella-vista-norte/1181109/"
"75","https://www.supercasas.com//apartamentos-venta-la-esperilla/1193773/"
"76","https://www.supercasas.com//apartamentos-venta-anacaona/1192265/"
"77","https://www.supercasas.com//apartamentos-venta-evaristo-morales/1213709/"
"78","https://www.supercasas.com//apartamentos-venta-los-restauradores/1213707/"
"79","https://www.supercasas.com//apartamentos-venta-los-restauradores/1213706/"
"80","https://www.supercasas.com//apartamentos-venta-av--cayetano-germosen/1215059/"
"81","https://www.supercasas.com//apartamentos-venta-av--cayetano-germosen/1215057/"
"82","https://www.supercasas.com//apartamentos-venta-av--cayetano-germosen/1215055/"
"83","https://www.supercasas.com//apartamentos-venta-av--cayetano-germosen/1215054/"
"84","https://www.supercasas.com//apartamentos-venta-renacimiento/1215053/"
"85","https://www.supercasas.com//apartamentos-venta-renacimiento/1213675/"
"86","https://www.supercasas.com//apartamentos-venta-naco/1208728/"
"87","https://www.supercasas.com//apartamentos-venta-naco/1208726/"
"88","https://www.supercasas.com//apartamentos-venta-gala/1196986/"
"89","https://www.supercasas.com//apartamentos-venta-naco/1196958/"
"90","https://www.supercasas.com//apartamentos-venta-colinas-del-oeste/1196980/"
"91","https://www.supercasas.com//apartamentos-venta-naco/1196957/"
"92","https://www.supercasas.com//apartamentos-venta-colinas-del-oeste/1196978/"
"93","https://www.supercasas.com//apartamentos-venta-naco/1194952/"
"94","https://www.supercasas.com//apartamentos-venta-bella-vista/1210879/"
"95","https://www.supercasas.com//apartamentos-venta-evaristo-morales/1210871/"
"96","https://www.supercasas.com//apartamentos-venta-evaristo-morales/1210869/"
"97","https://www.supercasas.com//apartamentos-venta-naco/1196350/"
"98","https://www.supercasas.com//apartamentos-venta-naco/1193890/"
"99","https://www.supercasas.com//apartamentos-venta-naco/1192062/"
"100","https://www.supercasas.com//apartamentos-venta-naco/1196956/"
"101","https://www.supercasas.com//apartamentos-venta-piantini/1207890/"
"102","https://www.supercasas.com//apartamentos-venta-gazcue/1205244/"
"103","https://www.supercasas.com//apartamentos-venta-mirador-norte/1196219/"
"104","https://www.supercasas.com//apartamentos-venta-mirador-sur/1196201/"
"105","https://www.supercasas.com//apartamentos-venta-bella-vista/1196157/"
"106","https://www.supercasas.com//apartamentos-venta-anacaona/1197852/"
"107","https://www.supercasas.com//apartamentos-venta-bella-vista/1196151/"
"108","https://www.supercasas.com//apartamentos-venta-quisqueya/1195971/"
"109","https://www.supercasas.com//apartamentos-venta-la-esperilla/1193912/"
"110","https://www.supercasas.com//apartamentos-venta-quisqueya/1195308/"
"111","https://www.supercasas.com//apartamentos-venta-piantini/1188268/"
"112","https://www.supercasas.com//apartamentos-venta-piantini/1208492/"
"113","https://www.supercasas.com//apartamentos-venta-piantini/1209952/"
"114","https://www.supercasas.com//apartamentos-venta-serralles/1206006/"
"115","https://www.supercasas.com//apartamentos-venta-piantini/1208523/"
"116","https://www.supercasas.com//apartamentos-venta-piantini/1208434/"
"117","https://www.supercasas.com//apartamentos-venta-piantini/1210363/"
"118","https://www.supercasas.com//apartamentos-venta-piantini/1207883/"
"119","https://www.supercasas.com//apartamentos-venta-piantini/1208532/"
"120","https://www.supercasas.com//apartamentos-venta-piantini/1208446/"
"121","https://www.supercasas.com//apartamentos-venta-piantini/1208487/"
"122","https://www.supercasas.com//apartamentos-venta-piantini/1208433/"
"123","https://www.supercasas.com//apartamentos-venta-piantini/1208486/"
"124","https://www.supercasas.com//apartamentos-venta-piantini/1208533/"
"125","https://www.supercasas.com//apartamentos-venta-piantini/1198214/"
"126","https://www.supercasas.com//apartamentos-venta-naco/1194950/"
"127","https://www.supercasas.com//apartamentos-venta-piantini/1208493/"
"128","https://www.supercasas.com//apartamentos-venta-villa-marina/1203849/"
"129","https://www.supercasas.com//apartamentos-venta-bella-vista/1195294/"
"130","https://www.supercasas.com//apartamentos-venta-naco/1193920/"
"131","https://www.supercasas.com//apartamentos-venta-los-cacicazgos/1193918/"
"132","https://www.supercasas.com//apartamentos-venta-los-cacicazgos/1193917/"
"133","https://www.supercasas.com//apartamentos-venta-urbanizacion-real/1193915/"
"134","https://www.supercasas.com//apartamentos-venta-urbanizacion-real/1193914/"
"135","https://www.supercasas.com//apartamentos-venta-urbanizacion-real/1193913/"
"136","https://www.supercasas.com//apartamentos-venta-naco/1201152/"
"137","https://www.supercasas.com//apartamentos-venta-los-cacicazgos/1197850/"
"138","https://www.supercasas.com//casas-venta-los-cacicazgos/1207782/"
"139","https://www.supercasas.com//apartamentos-venta-y-alquiler-los-cacicazgos/1207776/"
"140","https://www.supercasas.com//apartamentos-venta-paraiso/1193919/"
"141","https://www.supercasas.com//apartamentos-venta-naco/1201132/"
"142","https://www.supercasas.com//apartamentos-venta-naco/1201131/"
"143","https://www.supercasas.com//apartamentos-venta-renacimiento/1196511/"
"144","https://www.supercasas.com//apartamentos-venta-renacimiento/1196509/"
"145","https://www.supercasas.com//apartamentos-venta-bella-vista/1210974/"
"146","https://www.supercasas.com//apartamentos-venta-bella-vista/1210961/"
"147","https://www.supercasas.com//apartamentos-venta-el-millon/1216086/"
"148","https://www.supercasas.com//apartamentos-venta-la-esperilla/1203464/"
"149","https://www.supercasas.com//apartamentos-venta-la-esperilla/1203463/"
"150","https://www.supercasas.com//apartamentos-venta-la-esperilla/1203462/"
"151","https://www.supercasas.com//apartamentos-venta-colinas-del-arroyo-ii/1203411/"
"152","https://www.supercasas.com//apartamentos-venta-el-millon/1196502/"
"153","https://www.supercasas.com//apartamentos-venta-los-rios/1203410/"
"154","https://www.supercasas.com//apartamentos-venta-naco/1194955/"
"155","https://www.supercasas.com//apartamentos-venta-bella-vista/1192093/"
"156","https://www.supercasas.com//apartamentos-venta-el-millon/1196616/"
"157","https://www.supercasas.com//apartamentos-venta-urbanizacion-real/1200399/"
"158","https://www.supercasas.com//apartamentos-venta-piantini/1214103/"
"159","https://www.supercasas.com//apartamentos-venta-la-esperilla/1196613/"
"160","https://www.supercasas.com//apartamentos-venta-la-esperilla/1185148/"
"161","https://www.supercasas.com//apartamentos-venta-la-esperilla/1196508/"
"162","https://www.supercasas.com//apartamentos-venta-naco/1196352/"
"163","https://www.supercasas.com//apartamentos-venta-naco/1196351/"
"164","https://www.supercasas.com//apartamentos-venta-bella-vista/1192098/"
"165","https://www.supercasas.com//apartamentos-venta-la-esperilla/1185982/"
"166","https://www.supercasas.com//apartamentos-venta-bella-vista/1196146/"
"167","https://www.supercasas.com//apartamentos-venta-la-esperilla/1201226/"
"168","https://www.supercasas.com//apartamentos-venta-el-millon/1196633/"
"169","https://www.supercasas.com//apartamentos-venta-naco/1196955/"
"170","https://www.supercasas.com//apartamentos-venta-naco/1196532/"
"171","https://www.supercasas.com//apartamentos-venta-naco/1201130/"
"172","https://www.supercasas.com//apartamentos-venta-naco/1201135/"
"173","https://www.supercasas.com//apartamentos-venta-la-esperilla/1196506/"
"174","https://www.supercasas.com//apartamentos-venta-los-cacicazgos/1211854/"
"175","https://www.supercasas.com//apartamentos-venta-piantini/1200314/"
"176","https://www.supercasas.com//apartamentos-venta-piantini/1208605/"
"177","https://www.supercasas.com//apartamentos-venta-los-cacicazgos/1207778/"
"178","https://www.supercasas.com//apartamentos-venta-bella-vista/1196357/"
"179","https://www.supercasas.com//apartamentos-venta-bella-vista/1196194/"
"180","https://www.supercasas.com//apartamentos-venta-la-esperilla/1196505/"
"181","https://www.supercasas.com//apartamentos-venta-la-esperilla/1196594/"
"182","https://www.supercasas.com//apartamentos-venta-arroyo-hondo/1203177/"
"183","https://www.supercasas.com//apartamentos-venta-fernandez/1203404/"
"184","https://www.supercasas.com//apartamentos-venta-av--independencia/1203183/"
"185","https://www.supercasas.com//apartamentos-venta-naco/1208701/"
"186","https://www.supercasas.com//apartamentos-venta-naco/1208699/"
"187","https://www.supercasas.com//apartamentos-venta-naco/1208698/"
"188","https://www.supercasas.com//apartamentos-venta-bella-vista-norte/1215159/"
"189","https://www.supercasas.com//apartamentos-venta-los-restauradores/1215158/"
"190","https://www.supercasas.com//apartamentos-venta-evaristo-morales/1203856/"
"191","https://www.supercasas.com//apartamentos-venta-piantini/1208669/"
"192","https://www.supercasas.com//apartamentos-venta-piantini/1208440/"
"193","https://www.supercasas.com//apartamentos-venta-piantini/1200313/"
"194","https://www.supercasas.com//apartamentos-venta-piantini/1208536/"
"195","https://www.supercasas.com//apartamentos-venta-piantini/1207888/"
"196","https://www.supercasas.com//apartamentos-venta-piantini/1208678/"
"197","https://www.supercasas.com//apartamentos-venta-piantini/1208641/"
"198","https://www.supercasas.com//apartamentos-venta-piantini/1208637/"
"199","https://www.supercasas.com//apartamentos-venta-piantini/1208443/"
"200","https://www.supercasas.com//apartamentos-venta-piantini/1208673/"
"201","https://www.supercasas.com//apartamentos-venta-piantini/1208494/"
"202","https://www.supercasas.com//apartamentos-venta-piantini/1213078/"
"203","https://www.supercasas.com//apartamentos-venta-la-esperilla/1203133/"
"204","https://www.supercasas.com//apartamentos-venta-av--monumental/1196655/"
"205","https://www.supercasas.com//apartamentos-venta-bella-vista/1201116/"
"206","https://www.supercasas.com//apartamentos-venta-mirador-norte/1208390/"
"207","https://www.supercasas.com//apartamentos-venta-el-millon/1216085/"
"208","https://www.supercasas.com//apartamentos-venta-colinas-del-arroyo-ii/1216083/"
"209","https://www.supercasas.com//casas-venta-arroyo-hondo-viejo/1216082/"
"210","https://www.supercasas.com//apartamentos-venta-mirador-norte/1204113/"
"211","https://www.supercasas.com//casas-venta-el-portal/1216081/"
"212","https://www.supercasas.com//apartamentos-venta-mirador-sur/1214823/"
"213","https://www.supercasas.com//apartamentos-venta-bella-vista-norte/1212380/"
"214","https://www.supercasas.com//apartamentos-venta-av--cayetano-germosen/1214764/"
"215","https://www.supercasas.com//apartamentos-venta-el-millon/1214754/"
"216","https://www.supercasas.com//apartamentos-venta-gala/1214295/"
"217","https://www.supercasas.com//apartamentos-venta-renacimiento/1214253/"
"218","https://www.supercasas.com//apartamentos-venta-evaristo-morales/1214154/"
"219","https://www.supercasas.com//apartamentos-venta-los-restauradores/1216079/"
"220","https://www.supercasas.com//apartamentos-venta-urbanizacion-real/1216078/"
"221","https://www.supercasas.com//apartamentos-venta-el-millon/1216077/"
"222","https://www.supercasas.com//apartamentos-venta-el-millon/1216076/"
"223","https://www.supercasas.com//apartamentos-venta-renacimiento/1216075/"
"224","https://www.supercasas.com//apartamentos-venta-el-millon/1210106/"
"225","https://www.supercasas.com//apartamentos-venta-evaristo-morales/1210780/"
"226","https://www.supercasas.com//apartamentos-venta-naco/1213826/"
"227","https://www.supercasas.com//apartamentos-venta-evaristo-morales/1210138/"
"228","https://www.supercasas.com//apartamentos-venta-evaristo-morales/1213835/"
"229","https://www.supercasas.com//apartamentos-venta-evaristo-morales/1200067/"
"230","https://www.supercasas.com//apartamentos-venta-bella-vista-norte/1209985/"
"231","https://www.supercasas.com//apartamentos-venta-los-restauradores/1216074/"
"232","https://www.supercasas.com//apartamentos-venta-gazcue/1215577/"
"233","https://www.supercasas.com//apartamentos-venta-av--independencia/1187502/"
"234","https://www.supercasas.com//apartamentos-venta-evaristo-morales/1206297/"
"235","https://www.supercasas.com//apartamentos-venta-evaristo-morales/1213761/"
"236","https://www.supercasas.com//apartamentos-venta-arroyo-hondo/1187609/"
"237","https://www.supercasas.com//apartamentos-venta-la-julia/1188224/"
"238","https://www.supercasas.com//apartamentos-venta-piantini/1211303/"
"239","https://www.supercasas.com//apartamentos-venta-arroyo-hondo/1207303/"
"240","https://www.supercasas.com//apartamentos-venta-evaristo-morales/1194138/"
"241","https://www.supercasas.com//apartamentos-venta-evaristo-morales/1201265/"
"242","https://www.supercasas.com//apartamentos-venta-el-millon/1205761/"
"243","https://www.supercasas.com//apartamentos-venta-naco/1204300/"
"244","https://www.supercasas.com//apartamentos-venta-villa-marina/1206351/"
"245","https://www.supercasas.com//apartamentos-venta-naco/1213621/"
"246","https://www.supercasas.com//apartamentos-venta-evaristo-morales/1213300/"
"247","https://www.supercasas.com//casas-venta-arroyo-hondo/1191542/"
"248","https://www.supercasas.com//apartamentos-venta-los-cacicazgos/1214044/"
"249","https://www.supercasas.com//apartamentos-venta-el-millon/1201210/"
"250","https://www.supercasas.com//apartamentos-venta-piantini/1208442/"
"251","https://www.supercasas.com//apartamentos-venta-fernandez/1212515/"
"252","https://www.supercasas.com//apartamentos-venta-el-cacique/1214165/"
"253","https://www.supercasas.com//apartamentos-venta-la-esperilla/1212512/"
"254","https://www.supercasas.com//apartamentos-venta-julieta/1212494/"
"255","https://www.supercasas.com//apartamentos-venta-urbanizacion-real/1216071/"
"256","https://www.supercasas.com//apartamentos-venta-mirador-sur/1216070/"
"257","https://www.supercasas.com//apartamentos-venta-av--independencia/1214051/"
"258","https://www.supercasas.com//apartamentos-venta-bella-vista/1208615/"
"259","https://www.supercasas.com//apartamentos-venta-bella-vista/1215480/"
"260","https://www.supercasas.com//apartamentos-venta-mirador-sur/1215658/"
"261","https://www.supercasas.com//apartamentos-venta-av--independencia/1214182/"
"262","https://www.supercasas.com//apartamentos-venta-serralles/1215662/"
"263","https://www.supercasas.com//apartamentos-venta-el-millon/1216069/"
"264","https://www.supercasas.com//apartamentos-venta-bella-vista/1215474/"
"265","https://www.supercasas.com//apartamentos-venta-el-cacique/1215466/"
"266","https://www.supercasas.com//apartamentos-venta-los-cacicazgos/1215659/"
"267","https://www.supercasas.com//apartamentos-venta-el-cacique/1215656/"
"268","https://www.supercasas.com//apartamentos-venta-jardines-del-sur/1215076/"
"269","https://www.supercasas.com//apartamentos-venta-mirador-sur/1215661/"
"270","https://www.supercasas.com//apartamentos-venta-la-esperilla/1213572/"
"271","https://www.supercasas.com//apartamentos-venta-bella-vista/1213570/"
"272","https://www.supercasas.com//apartamentos-venta-la-esperilla/1213565/"
"273","https://www.supercasas.com//apartamentos-venta-urbanizacion-real/1208392/"
"274","https://www.supercasas.com//casas-venta-los-pinos/1205334/"
"275","https://www.supercasas.com//apartamentos-venta-naco/1208399/"
"276","https://www.supercasas.com//apartamentos-venta-piantini/1213756/"
"277","https://www.supercasas.com//apartamentos-venta-evaristo-morales/1215583/"
"278","https://www.supercasas.com//apartamentos-venta-bella-vista/1215041/"
"279","https://www.supercasas.com//apartamentos-venta-anacaona/1171512/"
"280","https://www.supercasas.com//apartamentos-venta-y-alquiler-piantini/1199426/"
"281","https://www.supercasas.com//apartamentos-venta-bella-vista/1214830/"
"282","https://www.supercasas.com//apartamentos-venta-las-praderas/1214681/"
"283","https://www.supercasas.com//apartamentos-venta-el-millon/1187854/"
"284","https://www.supercasas.com//apartamentos-venta-evaristo-morales/1187870/"
"285","https://www.supercasas.com//apartamentos-venta-bella-vista/1199425/"
"286","https://www.supercasas.com//apartamentos-venta-bella-vista/1199424/"
"287","https://www.supercasas.com//apartamentos-venta-quisqueya/1209223/"
"288","https://www.supercasas.com//apartamentos-venta-evaristo-morales/1209045/"
"289","https://www.supercasas.com//apartamentos-venta-el-millon/1208396/"
"290","https://www.supercasas.com//apartamentos-venta-el-millon/1209046/"
"291","https://www.supercasas.com//apartamentos-venta-jardines-del-sur/1208892/"
"292","https://www.supercasas.com//apartamentos-venta-los-cacicazgos/1208074/"
"293","https://www.supercasas.com//casas-venta-arroyo-hondo/1211017/"
"294","https://www.supercasas.com//apartamentos-venta-mirador-sur/1208709/"
"295","https://www.supercasas.com//apartamentos-venta-serralles/1208404/"
"296","https://www.supercasas.com//apartamentos-venta-evaristo-morales/1208529/"
"297","https://www.supercasas.com//apartamentos-venta-evaristo-morales/1208941/"
"298","https://www.supercasas.com//apartamentos-venta-zona-universitaria/1208413/"
"299","https://www.supercasas.com//apartamentos-venta-fernandez/1208875/"
"300","https://www.supercasas.com//apartamentos-venta-el-millon/1209085/"
"301","https://www.supercasas.com//apartamentos-venta-bella-vista/1208076/"
"302","https://www.supercasas.com//apartamentos-venta-el-millon/1209246/"
"303","https://www.supercasas.com//apartamentos-venta-anacaona/1209105/"
"304","https://www.supercasas.com//apartamentos-venta-evaristo-morales/1207965/"
"305","https://www.supercasas.com//apartamentos-venta-bella-vista/1214399/"
"306","https://www.supercasas.com//apartamentos-venta-evaristo-morales/1214398/"
"307","https://www.supercasas.com//apartamentos-venta-gazcue/1209228/"
"308","https://www.supercasas.com//apartamentos-venta-naco/1209557/"
"309","https://www.supercasas.com//casas-venta-arroyo-hondo-viejo/1213831/"
"310","https://www.supercasas.com//apartamentos-venta-naco/1213009/"
"311","https://www.supercasas.com//apartamentos-venta-naco/1209038/"
"312","https://www.supercasas.com//apartamentos-venta-naco/1209080/"
"313","https://www.supercasas.com//apartamentos-venta-piantini/1211388/"
"314","https://www.supercasas.com//apartamentos-venta-mirador-norte/1208422/"
"315","https://www.supercasas.com//apartamentos-venta-evaristo-morales/1209242/"
"316","https://www.supercasas.com//apartamentos-venta-el-cacique/1208364/"
"317","https://www.supercasas.com//apartamentos-venta-jardines-del-sur/1208949/"
"318","https://www.supercasas.com//apartamentos-venta-bella-vista/1215741/"
"319","https://www.supercasas.com//apartamentos-venta-bella-vista/1215779/"
"320","https://www.supercasas.com//apartamentos-venta-la-esperilla/1215956/"
"321","https://www.supercasas.com//apartamentos-venta-piantini/1214255/"
"322","https://www.supercasas.com//apartamentos-venta-piantini/1214421/"
"323","https://www.supercasas.com//apartamentos-venta-piantini/1214248/"
"324","https://www.supercasas.com//apartamentos-venta-evaristo-morales/1213174/"
"325","https://www.supercasas.com//apartamentos-venta-evaristo-morales/1213624/"
"326","https://www.supercasas.com//apartamentos-venta-villa-marina/1206359/"
"327","https://www.supercasas.com//apartamentos-venta-paraiso/1211295/"
"328","https://www.supercasas.com//apartamentos-venta-naco/1206296/"
"329","https://www.supercasas.com//apartamentos-venta-buenos-aires-del-mirador/1208545/"
"330","https://www.supercasas.com//apartamentos-venta-evaristo-morales/1212147/"
"331","https://www.supercasas.com//apartamentos-venta-arroyo-hondo-viejo/1214921/"
"332","https://www.supercasas.com//apartamentos-venta-y-alquiler-malecon/1206132/"
"333","https://www.supercasas.com//apartamentos-venta-urbanizacion-real/1207941/"
"334","https://www.supercasas.com//apartamentos-venta-naco/1202955/"
"335","https://www.supercasas.com//casas-venta-altos-de-arroyo-hondo-iii/1211787/"
"336","https://www.supercasas.com//apartamentos-venta-el-millon/1205653/"
"337","https://www.supercasas.com//apartamentos-venta-el-millon/1209316/"
"338","https://www.supercasas.com//apartamentos-venta-arroyo-hondo/1207304/"
"339","https://www.supercasas.com//apartamentos-venta-villa-marina/1206334/"
"340","https://www.supercasas.com//apartamentos-venta-piantini/1216067/"
"341","https://www.supercasas.com//apartamentos-venta-y-alquiler-mirador-sur/1175307/"
"342","https://www.supercasas.com//apartamentos-venta-renacimiento/1213907/"
"343","https://www.supercasas.com//apartamentos-venta-bella-vista/1205366/"
"344","https://www.supercasas.com//apartamentos-venta-el-vergel/1209787/"
"345","https://www.supercasas.com//casas-venta-pantoja/1200310/"
"346","https://www.supercasas.com//apartamentos-venta-arroyo-hondo/1198022/"
"347","https://www.supercasas.com//apartamentos-venta-mirador-norte/1197974/"
"348","https://www.supercasas.com//apartamentos-venta-urbanizacion-real/1206929/"
"349","https://www.supercasas.com//apartamentos-venta-piantini/1176398/"
"350","https://www.supercasas.com//apartamentos-venta-piantini/1176402/"
"351","https://www.supercasas.com//apartamentos-venta-la-julia/1198023/"
"352","https://www.supercasas.com//apartamentos-venta-la-julia/1213739/"
"353","https://www.supercasas.com//casas-venta-los-rios/1210933/"
"354","https://www.supercasas.com//apartamentos-venta-el-vergel/1209788/"
"355","https://www.supercasas.com//apartamentos-venta-y-alquiler-las-colinas/1209239/"
"356","https://www.supercasas.com//apartamentos-venta-urbanizacion-real/1206930/"
"357","https://www.supercasas.com//apartamentos-venta-y-alquiler-el-vergel/1175309/"
"358","https://www.supercasas.com//apartamentos-venta-bella-vista/1209786/"
"359","https://www.supercasas.com//apartamentos-venta-arroyo-hondo-ii/1203875/"
"360","https://www.supercasas.com//apartamentos-venta-la-julia/1195450/"
"361","https://www.supercasas.com//apartamentos-venta-y-alquiler-av--independencia/1204405/"
"362","https://www.supercasas.com//apartamentos-venta-el-millon/1216066/"
"363","https://www.supercasas.com//casas-venta-el-portal/1214898/"
"364","https://www.supercasas.com//apartamentos-venta-el-millon/1216063/"
"365","https://www.supercasas.com//casas-venta-el-portal/1215575/"
"366","https://www.supercasas.com//apartamentos-venta-el-millon/1212101/"
"367","https://www.supercasas.com//apartamentos-venta-urbanizacion-real/1212100/"
"368","https://www.supercasas.com//casas-venta-arroyo-hondo-iii/1212105/"
"369","https://www.supercasas.com//casas-venta-av--independencia/1212099/"
"370","https://www.supercasas.com//apartamentos-venta-evaristo-morales/1212096/"
"371","https://www.supercasas.com//apartamentos-venta-los-cacicazgos/1215064/"
"372","https://www.supercasas.com//apartamentos-venta-bella-vista/1212743/"
"373","https://www.supercasas.com//casas-venta-arroyo-hondo-viejo/1212825/"
"374","https://www.supercasas.com//casas-venta-altos-de-arroyo-hondo-iii/1212727/"
"375","https://www.supercasas.com//apartamentos-venta-naco/1212742/"
"376","https://www.supercasas.com//apartamentos-venta-mirador-sur/1212732/"
"377","https://www.supercasas.com//apartamentos-venta-mirador-sur/1212730/"
"378","https://www.supercasas.com//apartamentos-venta-mirador-sur/1212735/"
"379","https://www.supercasas.com//apartamentos-venta-arroyo-hondo/1212747/"
"380","https://www.supercasas.com//apartamentos-venta-bella-vista/1212744/"
"381","https://www.supercasas.com//casas-venta-altos-de-arroyo-hondo-ii/1212751/"
"382","https://www.supercasas.com//apartamentos-venta-fernandez/1212740/"
"383","https://www.supercasas.com//apartamentos-venta-av--independencia/1214140/"
"384","https://www.supercasas.com//apartamentos-venta-renacimiento/1215073/"
"385","https://www.supercasas.com//apartamentos-venta-mirador-sur/1212734/"
"386","https://www.supercasas.com//apartamentos-venta-evaristo-morales/1212755/"
"387","https://www.supercasas.com//apartamentos-venta-evaristo-morales/1212757/"
"388","https://www.supercasas.com//apartamentos-venta-villa-marina/1212746/"
"389","https://www.supercasas.com//apartamentos-venta-arroyo-hondo/1215232/"
"390","https://www.supercasas.com//apartamentos-venta-los-rios/1215233/"
"391","https://www.supercasas.com//apartamentos-venta-villa-marina/1215439/"
"392","https://www.supercasas.com//apartamentos-venta-y-alquiler-mirador-norte/1216055/"
"393","https://www.supercasas.com//apartamentos-venta-gazcue/1216054/"
"394","https://www.supercasas.com//apartamentos-venta-los-cacicazgos/1206222/"
"395","https://www.supercasas.com//apartamentos-venta-piantini/1208230/"
"396","https://www.supercasas.com//apartamentos-venta-piantini/1188914/"
"397","https://www.supercasas.com//apartamentos-venta-bella-vista/1211140/"
"398","https://www.supercasas.com//apartamentos-venta-bella-vista/1187910/"
"399","https://www.supercasas.com//apartamentos-venta-piantini/1187908/"
"400","https://www.supercasas.com//apartamentos-venta-naco/1187909/"
"401","https://www.supercasas.com//apartamentos-venta-la-esperilla/1188915/"
"402","https://www.supercasas.com//apartamentos-venta-evaristo-morales/1216053/"
"403","https://www.supercasas.com//apartamentos-venta-piantini/1177811/"
"404","https://www.supercasas.com//apartamentos-venta-los-cacicazgos/1202762/"
"405","https://www.supercasas.com//apartamentos-venta-bella-vista/1187913/"
"406","https://www.supercasas.com//casas-venta-altos-de-arroyo-hondo-ii/1215066/"
"407","https://www.supercasas.com//apartamentos-venta-naco/1194914/"
"408","https://www.supercasas.com//apartamentos-venta-los-rios/1202741/"
"409","https://www.supercasas.com//apartamentos-venta-piantini/1187030/"
"410","https://www.supercasas.com//apartamentos-venta-piantini/1202766/"
"411","https://www.supercasas.com//apartamentos-venta-evaristo-morales/1216052/"
"412","https://www.supercasas.com//apartamentos-venta-los-cacicazgos/1198288/"
"413","https://www.supercasas.com//apartamentos-venta-bella-vista/1211214/"
"414","https://www.supercasas.com//apartamentos-venta-piantini/1209779/"
"415","https://www.supercasas.com//apartamentos-venta-mirador-sur/1216050/"
"416","https://www.supercasas.com//apartamentos-venta-villa-marina/1216049/"
"417","https://www.supercasas.com//apartamentos-venta-anacaona/1216048/"
"418","https://www.supercasas.com//casas-venta-los-pinos-de-arroyo-hondo/1216046/"
"419","https://www.supercasas.com//apartamentos-venta-av--monumental/1216044/"
"420","https://www.supercasas.com//casas-venta-y-alquiler-arroyo-hondo/1176927/"
"421","https://www.supercasas.com//apartamentos-venta-el-millon/1204266/"
"422","https://www.supercasas.com//apartamentos-venta-renacimiento/1216040/"
"423","https://www.supercasas.com//apartamentos-venta-evaristo-morales/1216039/"
"424","https://www.supercasas.com//apartamentos-venta-evaristo-morales/1216038/"
"425","https://www.supercasas.com//apartamentos-venta-arroyo-hondo/1216037/"
"426","https://www.supercasas.com//apartamentos-venta-evaristo-morales/1216036/"
"427","https://www.supercasas.com//apartamentos-venta-evaristo-morales/1216035/"
"428","https://www.supercasas.com//apartamentos-venta-colinas-del-arroyo-ii/1201504/"
"429","https://www.supercasas.com//apartamentos-venta-av--monumental/1214438/"
"430","https://www.supercasas.com//apartamentos-venta-bella-vista/1216034/"
"431","https://www.supercasas.com//apartamentos-venta-piantini/1216030/"
"432","https://www.supercasas.com//apartamentos-venta-renacimiento/1216029/"
"433","https://www.supercasas.com//apartamentos-venta-los-rios/1216027/"
"434","https://www.supercasas.com//apartamentos-venta-av--independencia/1216026/"
"435","https://www.supercasas.com//casas-venta-ciudad-real/1216025/"
"436","https://www.supercasas.com//apartamentos-venta-altos-de-arroyo-hondo-iii/1216024/"
"437","https://www.supercasas.com//apartamentos-venta-los-rios/1216022/"
"438","https://www.supercasas.com//casas-venta-gala/1216021/"
"439","https://www.supercasas.com//apartamentos-venta-gazcue/1216020/"
"440","https://www.supercasas.com//apartamentos-venta-los-rios/1216019/"
"441","https://www.supercasas.com//casas-venta-naco/1216018/"
"442","https://www.supercasas.com//apartamentos-venta-evaristo-morales/1206401/"
"443","https://www.supercasas.com//apartamentos-venta-paraiso/1206599/"
"444","https://www.supercasas.com//apartamentos-venta-bella-vista/1216011/"
"445","https://www.supercasas.com//apartamentos-venta-colinas-del-seminario/1187714/"
"446","https://www.supercasas.com//apartamentos-venta-evaristo-morales/1209720/"
"447","https://www.supercasas.com//apartamentos-venta-evaristo-morales/1208569/"
"448","https://www.supercasas.com//apartamentos-venta-colina-de-los-rios/1190388/"
"449","https://www.supercasas.com//apartamentos-venta-los-restauradores/1213396/"
"450","https://www.supercasas.com//apartamentos-venta-mirador-sur/1216008/"
"451","https://www.supercasas.com//apartamentos-venta-bella-vista/1180443/"
"452","https://www.supercasas.com//apartamentos-venta-el-vergel/1194751/"
"453","https://www.supercasas.com//apartamentos-venta-los-restauradores/1192835/"
"454","https://www.supercasas.com//apartamentos-venta-fernandez/1168966/"
"455","https://www.supercasas.com//apartamentos-venta-julieta/1215111/"
"456","https://www.supercasas.com//apartamentos-venta-el-cacique/1213183/"
"457","https://www.supercasas.com//apartamentos-venta-naco/1174684/"
"458","https://www.supercasas.com//casas-venta-lomas-de-arroyo-hondo/1175569/"
"459","https://www.supercasas.com//casas-venta-los-rios/1137413/"
"460","https://www.supercasas.com//apartamentos-venta-la-esperilla/1204341/"
"461","https://www.supercasas.com//casas-venta-el-millon/1214333/"
"462","https://www.supercasas.com//apartamentos-venta-altos-de-arroyo-hondo-ii/1215766/"
"463","https://www.supercasas.com//apartamentos-venta-arroyo-hondo/1216000/"
"464","https://www.supercasas.com//apartamentos-venta-evaristo-morales/1215997/"
"465","https://www.supercasas.com//apartamentos-venta-y-alquiler-piantini/1210404/"
"466","https://www.supercasas.com//apartamentos-venta-evaristo-morales/1203910/"
"467","https://www.supercasas.com//apartamentos-venta-y-alquiler-la-esperilla/1210735/"
"468","https://www.supercasas.com//apartamentos-venta-la-esperilla/1214371/"
"469","https://www.supercasas.com//casas-venta-el-portal/1215996/"
"470","https://www.supercasas.com//apartamentos-venta-mirador-sur/1214079/"
"471","https://www.supercasas.com//apartamentos-venta-la-julia/1214205/"
"472","https://www.supercasas.com//apartamentos-venta-naco/1211785/"
"473","https://www.supercasas.com//apartamentos-venta-evaristo-morales/1214339/"
"474","https://www.supercasas.com//apartamentos-venta-bella-vista-norte/1213136/"
"475","https://www.supercasas.com//apartamentos-venta-y-alquiler-serralles/1213944/"
"476","https://www.supercasas.com//apartamentos-venta-naco/1212693/"
"477","https://www.supercasas.com//apartamentos-venta-y-alquiler-la-esperilla/1212449/"
"478","https://www.supercasas.com//apartamentos-venta-piantini/1212391/"
"479","https://www.supercasas.com//casas-venta-la-julia/1212350/"
"480","https://www.supercasas.com//apartamentos-venta-piantini/1212348/"
"481","https://www.supercasas.com//apartamentos-venta-bella-vista/1212345/"
"482","https://www.supercasas.com//apartamentos-venta-piantini/1211842/"
"483","https://www.supercasas.com//apartamentos-venta-piantini/1211841/"
"484","https://www.supercasas.com//apartamentos-venta-evaristo-morales/1211840/"
"485","https://www.supercasas.com//apartamentos-venta-piantini/1211839/"
"486","https://www.supercasas.com//apartamentos-venta-evaristo-morales/1211838/"
"487","https://www.supercasas.com//apartamentos-venta-naco/1211832/"
"488","https://www.supercasas.com//apartamentos-venta-y-alquiler-serralles/1211831/"
"489","https://www.supercasas.com//apartamentos-venta-piantini/1211829/"
"490","https://www.supercasas.com//apartamentos-venta-paraiso/1211828/"
"491","https://www.supercasas.com//apartamentos-venta-piantini/1211826/"
"492","https://www.supercasas.com//apartamentos-venta-piantini/1211824/"
"493","https://www.supercasas.com//apartamentos-venta-la-esperilla/1211818/"
"494","https://www.supercasas.com//apartamentos-venta-naco/1211816/"
"495","https://www.supercasas.com//apartamentos-venta-naco/1211797/"
"496","https://www.supercasas.com//apartamentos-venta-bella-vista/1211796/"
"497","https://www.supercasas.com//apartamentos-venta-piantini/1211793/"
"498","https://www.supercasas.com//apartamentos-venta-la-esperilla/1211792/"
"499","https://www.supercasas.com//apartamentos-venta-piantini/1211790/"
"500","https://www.supercasas.com//apartamentos-venta-y-alquiler-serralles/1211789/"
"501","https://www.supercasas.com//apartamentos-venta-piantini/1211784/"
"502","https://www.supercasas.com//apartamentos-venta-la-esperilla/1211751/"
"503","https://www.supercasas.com//apartamentos-venta-piantini/1215027/"
"504","https://www.supercasas.com//apartamentos-venta-serralles/1208563/"
"505","https://www.supercasas.com//apartamentos-venta-evaristo-morales/1202132/"
"506","https://www.supercasas.com//apartamentos-venta-bella-vista-norte/1214169/"
"507","https://www.supercasas.com//apartamentos-venta-zona-colonial/1213999/"
"508","https://www.supercasas.com//apartamentos-venta-el-millon/1187856/"
"509","https://www.supercasas.com//apartamentos-venta-y-alquiler-mirador-sur/1213631/"
"510","https://www.supercasas.com//apartamentos-venta-evaristo-morales/1203912/"
"511","https://www.supercasas.com//apartamentos-venta-bella-vista/1215962/"
"512","https://www.supercasas.com//apartamentos-venta-av--independencia/1215290/"
"513","https://www.supercasas.com//apartamentos-venta-bella-vista/1215425/"
"514","https://www.supercasas.com//apartamentos-venta-arroyo-hondo/1215992/"
"515","https://www.supercasas.com//apartamentos-venta-buenos-aires-del-mirador/1214750/"
"516","https://www.supercasas.com//apartamentos-venta-arroyo-hondo-iii/1215341/"
"517","https://www.supercasas.com//apartamentos-venta-colina-de-los-rios/1215339/"
"518","https://www.supercasas.com//casas-venta-colina-de-los-rios/1215335/"
"519","https://www.supercasas.com//casas-venta-los-cacicazgos/1201788/"
"520","https://www.supercasas.com//casas-venta-cuesta-hermosa-iii/1214330/"
"521","https://www.supercasas.com//apartamentos-venta-los-cacicazgos/1193592/"
"522","https://www.supercasas.com//apartamentos-venta-naco/1196539/"
"523","https://www.supercasas.com//apartamentos-venta-bella-vista/1192097/"
"524","https://www.supercasas.com//apartamentos-venta-bella-vista/1196153/"
"525","https://www.supercasas.com//apartamentos-venta-bella-vista/1201113/"
"526","https://www.supercasas.com//apartamentos-venta-bella-vista/1192071/"
"527","https://www.supercasas.com//apartamentos-venta-naco/1196537/"
"528","https://www.supercasas.com//apartamentos-venta-naco/1192063/"
"529","https://www.supercasas.com//casas-venta-arroyo-hondo/1197000/"
"530","https://www.supercasas.com//apartamentos-venta-evaristo-morales/1211419/"
"531","https://www.supercasas.com//apartamentos-venta-los-cacicazgos/1193583/"
"532","https://www.supercasas.com//apartamentos-venta-el-millon/1207148/"
"533","https://www.supercasas.com//apartamentos-venta-bella-vista/1207146/"
"534","https://www.supercasas.com//apartamentos-venta-anacaona/1210325/"
"535","https://www.supercasas.com//apartamentos-venta-la-esperilla/1207105/"
"536","https://www.supercasas.com//apartamentos-venta-y-alquiler-arroyo-hondo/1207104/"
"537","https://www.supercasas.com//apartamentos-venta-bella-vista/1196221/"
"538","https://www.supercasas.com//apartamentos-venta-bella-vista/1196142/"
"539","https://www.supercasas.com//apartamentos-venta-la-julia/1199128/"
"540","https://www.supercasas.com//apartamentos-venta-bella-vista/1196363/"
"541","https://www.supercasas.com//apartamentos-venta-bella-vista/1196362/"
"542","https://www.supercasas.com//apartamentos-venta-evaristo-morales/1197001/"
"543","https://www.supercasas.com//apartamentos-venta-la-julia/1207822/"
"544","https://www.supercasas.com//apartamentos-venta-bella-vista/1207820/"
"545","https://www.supercasas.com//apartamentos-venta-el-millon/1207811/"
"546","https://www.supercasas.com//apartamentos-venta-el-millon/1207809/"
"547","https://www.supercasas.com//apartamentos-venta-la-julia/1201117/"
"548","https://www.supercasas.com//apartamentos-venta-la-julia/1199127/"
"549","https://www.supercasas.com//apartamentos-venta-piantini/1212427/"
"550","https://www.supercasas.com//apartamentos-venta-el-millon/1193596/"
"551","https://www.supercasas.com//apartamentos-venta-el-millon/1202120/"
"552","https://www.supercasas.com//apartamentos-venta-fernandez/1211136/"
"553","https://www.supercasas.com//apartamentos-venta-evaristo-morales/1211135/"
"554","https://www.supercasas.com//apartamentos-venta-evaristo-morales/1211134/"
"555","https://www.supercasas.com//apartamentos-venta-evaristo-morales/1195302/"
"556","https://www.supercasas.com//casas-venta-las-praderas/1211737/"
"557","https://www.supercasas.com//apartamentos-venta-evaristo-morales/1195301/"
"558","https://www.supercasas.com//casas-venta-cuesta-hermosa-i/1202983/"
"559","https://www.supercasas.com//apartamentos-venta-evaristo-morales/1207108/"
"560","https://www.supercasas.com//apartamentos-venta-evaristo-morales/1207684/"
"561","https://www.supercasas.com//apartamentos-venta-naco/1202964/"
"562","https://www.supercasas.com//apartamentos-venta-evaristo-morales/1199742/"
"563","https://www.supercasas.com//apartamentos-venta-evaristo-morales/1207915/"
"564","https://www.supercasas.com//apartamentos-venta-evaristo-morales/1207914/"
"565","https://www.supercasas.com//apartamentos-venta-evaristo-morales/1197023/"
"566","https://www.supercasas.com//apartamentos-venta-evaristo-morales/1207682/"
"567","https://www.supercasas.com//apartamentos-venta-evaristo-morales/1207680/"
"568","https://www.supercasas.com//apartamentos-venta-los-cacicazgos/1207779/"
"569","https://www.supercasas.com//apartamentos-venta-los-cacicazgos/1193577/"
"570","https://www.supercasas.com//apartamentos-venta-los-cacicazgos/1207775/"
"571","https://www.supercasas.com//apartamentos-venta-los-cacicazgos/1197782/"
"572","https://www.supercasas.com//apartamentos-venta-los-cacicazgos/1202823/"
"573","https://www.supercasas.com//apartamentos-venta-los-cacicazgos/1197781/"
"574","https://www.supercasas.com//apartamentos-venta-los-cacicazgos/1197779/"
"575","https://www.supercasas.com//apartamentos-venta-los-cacicazgos/1207777/"
"576","https://www.supercasas.com//apartamentos-venta-paraiso/1208806/"
"577","https://www.supercasas.com//apartamentos-venta-paraiso/1208808/"
"578","https://www.supercasas.com//apartamentos-venta-paraiso/1208775/"
"579","https://www.supercasas.com//apartamentos-venta-paraiso/1207107/"
"580","https://www.supercasas.com//apartamentos-venta-paraiso/1208810/"
"581","https://www.supercasas.com//apartamentos-venta-paraiso/1208772/"
"582","https://www.supercasas.com//apartamentos-venta-paraiso/1209958/"
"583","https://www.supercasas.com//apartamentos-venta-paraiso/1208777/"
"584","https://www.supercasas.com//apartamentos-venta-paraiso/1208774/"
"585","https://www.supercasas.com//apartamentos-venta-paraiso/1208773/"
"586","https://www.supercasas.com//apartamentos-venta-piantini/1208436/"
"587","https://www.supercasas.com//apartamentos-venta-piantini/1208441/"
"588","https://www.supercasas.com//apartamentos-venta-piantini/1207886/"
"589","https://www.supercasas.com//apartamentos-venta-piantini/1208439/"
"590","https://www.supercasas.com//apartamentos-venta-piantini/1208488/"
"591","https://www.supercasas.com//apartamentos-venta-piantini/1208534/"
"592","https://www.supercasas.com//apartamentos-venta-naco/1201137/"
"593","https://www.supercasas.com//apartamentos-venta-naco/1193889/"
"594","https://www.supercasas.com//apartamentos-venta-naco/1195285/"
"595","https://www.supercasas.com//apartamentos-venta-naco/1196534/"
"596","https://www.supercasas.com//apartamentos-venta-naco/1196954/"
"597","https://www.supercasas.com//apartamentos-venta-naco/1179054/"
"598","https://www.supercasas.com//apartamentos-venta-naco/1193921/"
"599","https://www.supercasas.com//apartamentos-venta-naco/1195286/"
"600","https://www.supercasas.com//apartamentos-venta-naco/1194953/"
"601","https://www.supercasas.com//apartamentos-venta-evaristo-morales/1207688/"
"602","https://www.supercasas.com//apartamentos-venta-evaristo-morales/1203169/"
"603","https://www.supercasas.com//apartamentos-venta-piantini/1208530/"
"604","https://www.supercasas.com//apartamentos-venta-piantini/1208437/"
"605","https://www.supercasas.com//apartamentos-venta-piantini/1207885/"
"606","https://www.supercasas.com//apartamentos-venta-piantini/1208444/"
"607","https://www.supercasas.com//apartamentos-venta-piantini/1207889/"
"608","https://www.supercasas.com//apartamentos-venta-bella-vista/1209957/"
"609","https://www.supercasas.com//apartamentos-venta-piantini/1209956/"
"610","https://www.supercasas.com//apartamentos-venta-piantini/1209953/"
"611","https://www.supercasas.com//apartamentos-venta-bella-vista/1211544/"
"612","https://www.supercasas.com//apartamentos-venta-bella-vista/1211543/"
"613","https://www.supercasas.com//apartamentos-venta-bella-vista/1211542/"
"614","https://www.supercasas.com//apartamentos-venta-evaristo-morales/1196653/"
"615","https://www.supercasas.com//apartamentos-venta-evaristo-morales/1196647/"
"616","https://www.supercasas.com//casas-venta-las-praderas/1207783/"
"617","https://www.supercasas.com//apartamentos-venta-los-cacicazgos/1207780/"
"618","https://www.supercasas.com//apartamentos-venta-la-esperilla/1207774/"
"619","https://www.supercasas.com//apartamentos-venta-gala/1196998/"
"620","https://www.supercasas.com//apartamentos-venta-el-vergel/1196995/"
"621","https://www.supercasas.com//apartamentos-venta-naco/1196994/"
"622","https://www.supercasas.com//apartamentos-venta-gazcue/1196993/"
"623","https://www.supercasas.com//apartamentos-venta-buenos-aires-del-mirador/1196990/"
"624","https://www.supercasas.com//apartamentos-venta-urbanizacion-real/1196988/"
"625","https://www.supercasas.com//apartamentos-venta-anacaona/1208832/"
"626","https://www.supercasas.com//apartamentos-venta-anacaona/1208831/"
"627","https://www.supercasas.com//apartamentos-venta-anacaona/1208830/"
"628","https://www.supercasas.com//apartamentos-venta-anacaona/1208829/"
"629","https://www.supercasas.com//apartamentos-venta-anacaona/1208828/"
"630","https://www.supercasas.com//apartamentos-venta-y-alquiler-piantini/1196519/"
"631","https://www.supercasas.com//apartamentos-venta-y-alquiler-piantini/1191053/"
"632","https://www.supercasas.com//apartamentos-venta-y-alquiler-piantini/1205647/"
"633","https://www.supercasas.com//apartamentos-venta-evaristo-morales/1193246/"
"634","https://www.supercasas.com//apartamentos-venta-y-alquiler-piantini/1214035/"
"635","https://www.supercasas.com//apartamentos-venta-y-alquiler-evaristo-morales/1214721/"
"636","https://www.supercasas.com//apartamentos-venta-altos-de-arroyo-hondo/1215352/"
"637","https://www.supercasas.com//apartamentos-venta-piantini/1215349/"
"638","https://www.supercasas.com//apartamentos-venta-serralles/1215336/"
"639","https://www.supercasas.com//apartamentos-venta-altos-de-arroyo-hondo/1215331/"
"640","https://www.supercasas.com//apartamentos-venta-anacaona/1208827/"
"641","https://www.supercasas.com//apartamentos-venta-anacaona/1208826/"
"642","https://www.supercasas.com//apartamentos-venta-anacaona/1208825/"
"643","https://www.supercasas.com//apartamentos-venta-anacaona/1208823/"
"644","https://www.supercasas.com//apartamentos-venta-anacaona/1208822/"
"645","https://www.supercasas.com//apartamentos-venta-anacaona/1208821/"
"646","https://www.supercasas.com//apartamentos-venta-anacaona/1208820/"
"647","https://www.supercasas.com//apartamentos-venta-serralles/1208819/"
"648","https://www.supercasas.com//apartamentos-venta-serralles/1208817/"
"649","https://www.supercasas.com//apartamentos-venta-fernandez/1211487/"
"650","https://www.supercasas.com//apartamentos-venta-paraiso/1208771/"
"651","https://www.supercasas.com//apartamentos-venta-bella-vista/1208769/"
"652","https://www.supercasas.com//apartamentos-venta-bella-vista/1208768/"
"653","https://www.supercasas.com//apartamentos-venta-bella-vista/1208767/"
"654","https://www.supercasas.com//apartamentos-venta-bella-vista/1208753/"
"655","https://www.supercasas.com//apartamentos-venta-bella-vista/1208752/"
"656","https://www.supercasas.com//apartamentos-venta-bella-vista/1208750/"
"657","https://www.supercasas.com//apartamentos-venta-naco/1208749/"
"658","https://www.supercasas.com//apartamentos-venta-naco/1208745/"
"659","https://www.supercasas.com//apartamentos-venta-naco/1208743/"
"660","https://www.supercasas.com//casas-venta-arroyo-hondo-ii/1213732/"
"661","https://www.supercasas.com//apartamentos-venta-y-alquiler-evaristo-morales/1213725/"
"662","https://www.supercasas.com//apartamentos-venta-evaristo-morales/1213718/"
"663","https://www.supercasas.com//apartamentos-venta-evaristo-morales/1213717/"
"664","https://www.supercasas.com//apartamentos-venta-evaristo-morales/1213712/"
"665","https://www.supercasas.com//apartamentos-venta-evaristo-morales/1213711/"
"666","https://www.supercasas.com//apartamentos-venta-piantini/1213763/"
"667","https://www.supercasas.com//apartamentos-venta-y-alquiler-evaristo-morales/1185508/"
"668","https://www.supercasas.com//apartamentos-venta-bella-vista/1214489/"
"669","https://www.supercasas.com//apartamentos-venta-evaristo-morales/1211508/"
"670","https://www.supercasas.com//apartamentos-venta-naco/1202140/"
"671","https://www.supercasas.com//casas-venta-cuesta-hermosa-ii/1215989/"
"672","https://www.supercasas.com//apartamentos-venta-el-millon/1209325/"
"673","https://www.supercasas.com//apartamentos-venta-arroyo-hondo/1204361/"
"674","https://www.supercasas.com//casas-venta-y-alquiler-las-praderas/1215987/"
"675","https://www.supercasas.com//apartamentos-venta-los-cacicazgos/1215983/"
"676","https://www.supercasas.com//casas-venta-cuesta-hermosa-ii/1215982/"
"677","https://www.supercasas.com//casas-venta-los-cacicazgos/1215980/"
"678","https://www.supercasas.com//casas-venta-los-cacicazgos/1215979/"
"679","https://www.supercasas.com//apartamentos-venta-y-alquiler-paraiso/1215976/"
"680","https://www.supercasas.com//apartamentos-venta-piantini/1215975/"
"681","https://www.supercasas.com//apartamentos-venta-urbanizacion-real/1215974/"
"682","https://www.supercasas.com//apartamentos-venta-honduras/1215973/"
"683","https://www.supercasas.com//apartamentos-venta-av--monumental/1215967/"
"684","https://www.supercasas.com//casas-venta-y-alquiler-los-cacicazgos/1215966/"
"685","https://www.supercasas.com//casas-venta-cuesta-hermosa-ii/959698/"
"686","https://www.supercasas.com//casas-venta-isabel-villas/1198682/"
"687","https://www.supercasas.com//casas-venta-cuesta-hermosa-ii/1194184/"
"688","https://www.supercasas.com//casas-venta-y-alquiler-arroyo-hondo/1195944/"
"689","https://www.supercasas.com//casas-venta-los-pinos-de-arroyo-hondo/930793/"
"690","https://www.supercasas.com//casas-venta-cuesta-hermosa-ii/1189057/"
"691","https://www.supercasas.com//casas-venta-julieta/1211548/"
"692","https://www.supercasas.com//casas-venta-y-alquiler-los-pinos-de-arroyo-hondo/1211312/"
"693","https://www.supercasas.com//casas-venta-cuesta-hermosa-iii/1188921/"
"694","https://www.supercasas.com//casas-venta-y-alquiler-piantini/958509/"
"695","https://www.supercasas.com//casas-venta-los-cacicazgos/1207327/"
"696","https://www.supercasas.com//casas-venta-y-alquiler-los-cacicazgos/1101994/"
"697","https://www.supercasas.com//casas-venta-y-alquiler-los-cacicazgos/1173942/"
"698","https://www.supercasas.com//casas-venta-bella-vista/1208466/"
"699","https://www.supercasas.com//casas-venta-bella-vista/960520/"
"700","https://www.supercasas.com//casas-venta-bella-vista/1138748/"
"701","https://www.supercasas.com//casas-venta-altos-de-arroyo-hondo-ii/1211309/"
"702","https://www.supercasas.com//casas-venta-cuesta-hermosa-ii/1195588/"
"703","https://www.supercasas.com//casas-venta-arroyo-hondo-viejo/1211311/"
"704","https://www.supercasas.com//casas-venta-los-pinos/1211313/"
"705","https://www.supercasas.com//casas-venta-los-pinos-de-arroyo-hondo/1134934/"
"706","https://www.supercasas.com//casas-venta-los-pinos/1211315/"
"707","https://www.supercasas.com//casas-venta-cuesta-hermosa-i/1212974/"
"708","https://www.supercasas.com//casas-venta-cuesta-hermosa-ii/1189060/"
"709","https://www.supercasas.com//casas-venta-arroyo-hondo/1170617/"
"710","https://www.supercasas.com//casas-venta-y-alquiler-la-julia/1122271/"
"711","https://www.supercasas.com//casas-venta-los-pinos-de-arroyo-hondo/1211314/"
"712","https://www.supercasas.com//casas-venta-cuesta-brava/1215960/"
"713","https://www.supercasas.com//apartamentos-venta-evaristo-morales/1215959/"
"714","https://www.supercasas.com//apartamentos-venta-naco/1215958/"
"715","https://www.supercasas.com//apartamentos-venta-naco/1215957/"
"716","https://www.supercasas.com//casas-venta-arroyo-hondo/1215955/"
"717","https://www.supercasas.com//apartamentos-venta-honduras/1215954/"
"718","https://www.supercasas.com//apartamentos-venta-renacimiento/1215953/"
"719","https://www.supercasas.com//apartamentos-venta-evaristo-morales/1215952/"
"720","https://www.supercasas.com//apartamentos-venta-arroyo-hondo/1202874/"
"721","https://www.supercasas.com//apartamentos-venta-evaristo-morales/1215951/"
"722","https://www.supercasas.com//apartamentos-venta-los-restauradores/1215950/"
"723","https://www.supercasas.com//apartamentos-venta-mirador-norte/1215949/"
"724","https://www.supercasas.com//apartamentos-venta-naco/1215948/"
"725","https://www.supercasas.com//apartamentos-venta-mirador-norte/1215947/"
"726","https://www.supercasas.com//apartamentos-venta-bella-vista/1215946/"
"727","https://www.supercasas.com//apartamentos-venta-mirador-norte/1215944/"
"728","https://www.supercasas.com//apartamentos-venta-evaristo-morales/1213975/"
"729","https://www.supercasas.com//apartamentos-venta-los-restauradores/1215943/"
"730","https://www.supercasas.com//apartamentos-venta-serralles/1215942/"
"731","https://www.supercasas.com//apartamentos-venta-zona-universitaria/1214919/"
"732","https://www.supercasas.com//apartamentos-venta-el-millon/1215941/"
"733","https://www.supercasas.com//apartamentos-venta-mirador-sur/1215940/"
"734","https://www.supercasas.com//apartamentos-venta-el-millon/1215939/"
"735","https://www.supercasas.com//apartamentos-venta-piantini/1215938/"
"736","https://www.supercasas.com//apartamentos-venta-naco/1215936/"
"737","https://www.supercasas.com//apartamentos-venta-paraiso/1215935/"
"738","https://www.supercasas.com//apartamentos-venta-el-millon/1215933/"
"739","https://www.supercasas.com//casas-venta-arroyo-manzano/1215931/"
"740","https://www.supercasas.com//apartamentos-venta-el-millon/1215930/"
"741","https://www.supercasas.com//apartamentos-venta-mirador-sur/1215929/"
"742","https://www.supercasas.com//apartamentos-venta-mirador-sur/1215928/"
"743","https://www.supercasas.com//apartamentos-venta-el-millon/1215927/"
"744","https://www.supercasas.com//apartamentos-venta-bella-vista/1215926/"
"745","https://www.supercasas.com//apartamentos-venta-el-millon/1215924/"
"746","https://www.supercasas.com//apartamentos-venta-evaristo-morales/1215923/"
"747","https://www.supercasas.com//apartamentos-venta-bella-vista/1215922/"
"748","https://www.supercasas.com//apartamentos-venta-mirador-norte/1215920/"
"749","https://www.supercasas.com//apartamentos-venta-mirador-sur/1215919/"
"750","https://www.supercasas.com//apartamentos-venta-evaristo-morales/1215917/"
"751","https://www.supercasas.com//apartamentos-venta-y-alquiler-la-esperilla/1204371/"
"752","https://www.supercasas.com//apartamentos-venta-bella-vista/1205913/"
"753","https://www.supercasas.com//apartamentos-venta-naco/1215916/"
"754","https://www.supercasas.com//apartamentos-venta-y-alquiler-la-esperilla/1214318/"
"755","https://www.supercasas.com//apartamentos-venta-renacimiento/1204519/"
"756","https://www.supercasas.com//apartamentos-venta-y-alquiler-los-cacicazgos/1204358/"
"757","https://www.supercasas.com//apartamentos-venta-los-cacicazgos/1207697/"
"758","https://www.supercasas.com//apartamentos-venta-los-cacicazgos/1207695/"
"759","https://www.supercasas.com//apartamentos-venta-evaristo-morales/1209640/"
"760","https://www.supercasas.com//casas-venta-cuesta-hermosa-ii/1204399/"
"761","https://www.supercasas.com//apartamentos-venta-la-esperilla/1204355/"
"762","https://www.supercasas.com//apartamentos-venta-renacimiento/1204400/"
"763","https://www.supercasas.com//apartamentos-venta-mirador-sur/1208079/"
"764","https://www.supercasas.com//apartamentos-venta-naco/1215914/"
"765","https://www.supercasas.com//apartamentos-venta-naco/1215912/"
"766","https://www.supercasas.com//apartamentos-venta-la-julia/1215911/"
"767","https://www.supercasas.com//apartamentos-venta-arroyo-hondo/1215910/"
"768","https://www.supercasas.com//casas-venta-arroyo-hondo/1215908/"
"769","https://www.supercasas.com//casas-venta-arroyo-hondo/1215907/"
"770","https://www.supercasas.com//apartamentos-venta-arroyo-hondo/1215906/"
"771","https://www.supercasas.com//apartamentos-venta-mirador-sur/1215905/"
"772","https://www.supercasas.com//apartamentos-venta-serralles/1215903/"
"773","https://www.supercasas.com//apartamentos-venta-mirador-sur/1215902/"
"774","https://www.supercasas.com//apartamentos-venta-evaristo-morales/1215894/"
"775","https://www.supercasas.com//apartamentos-venta-naco/1215892/"
"776","https://www.supercasas.com//apartamentos-venta-y-alquiler-ensanche-kennedy/1215890/"
"777","https://www.supercasas.com//casas-venta-arroyo-hondo/1206517/"
"778","https://www.supercasas.com//apartamentos-venta-y-alquiler-los-cacicazgos/1185970/"
"779","https://www.supercasas.com//apartamentos-venta-y-alquiler-piantini/1214453/"
"780","https://www.supercasas.com//apartamentos-venta-y-alquiler-naco/1211559/"
"781","https://www.supercasas.com//apartamentos-venta-y-alquiler-piantini/1209687/"
"782","https://www.supercasas.com//apartamentos-venta-piantini/1212965/"
"783","https://www.supercasas.com//apartamentos-venta-y-alquiler-la-esperilla/1209397/"
"784","https://www.supercasas.com//apartamentos-venta-y-alquiler-la-esperilla/1204374/"
"785","https://www.supercasas.com//apartamentos-venta-la-esperilla/1204369/"
"786","https://www.supercasas.com//casas-venta-el-millon/1208374/"
"787","https://www.supercasas.com//apartamentos-venta-y-alquiler-los-cacicazgos/1214052/"
"788","https://www.supercasas.com//apartamentos-venta-bella-vista/1204409/"
